{
  "search_counter": {
    "coimbra": 1,
    "coimbra wikipedia": 1
  },
  "response_times": {
    "192.168.220.128:8124": [
      0.03352165222167969
    ],
    "192.168.220.128:8123": [
      0.7904934883117676,
      0.03171205520629883
    ]
  },
  "index_sizes": {
    "192.168.220.128:8124": 24240,
    "192.168.220.128:8123": 24257
  },
  "index_barrels": {
    "192.168.220.128:8124": {
      "failures": 0
    },
    "192.168.220.128:8123": {
      "failures": 0
    }
  }
}