{
  "search_counter": {
    "universidade": 11,
    "coimbra": 2
  },
  "response_times": {
    "localhost:8123": [
      0.018932819366455078
    ],
    "localhost:8124": [
      0.016543865203857422,
      0.043883323669433594
    ]
  },
  "index_sizes": {
    "localhost:8123": 3958,
    "localhost:8124": 3958
  },
  "index_barrels": {
    "localhost:8124": {
      "failures": 0
    }
  }
}