{
  "search_counter": {
    "sapo": 8,
    "pessoa": 1
  },
  "response_times": {
    "localhost:8123": [
      0.02191781997680664,
      0.017876625061035156,
      0.018622875213623047,
      0.02101421356201172,
      0.017974376678466797,
      0.017039775848388672,
      0.01760721206665039,
      0.01979351043701172,
      0.01857280731201172,
      0.018253326416015625,
      0.021615028381347656
    ],
    "localhost:8124": [
      0.01779794692993164
    ]
  },
  "index_sizes": {
    "localhost:8124": {
      "words": 7873,
      "urls": 27
    },
    "localhost:8123": {
      "words": 4015,
      "urls": 10
    }
  },
  "index_barrels": {
    "localhost:8123": {
      "failures": 0
    }
  }
}