{
  "search_counter": {
    "sapo": 16
  },
  "response_times": {
    "192.168.1.72:8123": [
      0.026504993438720703,
      0.03644227981567383,
      0.03945589065551758,
      0.03120899200439453
    ],
    "192.168.1.72:8124": [
      0.019609928131103516,
      0.037119388580322266,
      0.014545917510986328,
      0.014126300811767578,
      0.022492408752441406,
      0.01447439193725586,
      0.014379024505615234,
      0.015375614166259766,
      0.016596317291259766
    ]
  },
  "index_sizes": {
    "192.168.1.72:8124": {
      "words": 4490,
      "urls": 11
    },
    "192.168.1.72:8123": {
      "words": 4601,
      "urls": 11
    }
  },
  "index_barrels": {},
  "send_statistics": true,
  "web_sever": "192.168.1.72:8888"
}