{
  "search_counter": {
    "sapo": 5,
    "sofia": 1
  },
  "response_times": {
    "localhost:8123": [
      0.019783973693847656,
      0.018155574798583984,
      0.016999244689941406,
      0.053882598876953125,
      0.06012916564941406,
      0.07416963577270508
    ]
  },
  "index_sizes": {},
  "index_barrels": {
    "localhost:8123": {
      "failures": 0
    }
  }
}