{
  "search_counter": {
    "sapo": 21,
    "pessoa": 1,
    "underrated": 1,
    "nao sei": 1,
    "telem\u00f3vel": 1
  },
  "response_times": {
    "192.168.1.72:8123": [
      0.026504993438720703,
      0.03644227981567383,
      0.03945589065551758,
      0.03120899200439453
    ],
    "192.168.1.72:8124": [
      0.019609928131103516,
      0.037119388580322266,
      0.014545917510986328,
      0.014126300811767578,
      0.022492408752441406,
      0.01447439193725586,
      0.014379024505615234,
      0.015375614166259766,
      0.016596317291259766,
      0.020382404327392578,
      0.027782917022705078,
      0.023550987243652344,
      0.031266212463378906,
      0.027077198028564453,
      0.03312110900878906,
      0.022792816162109375
    ],
    "192.168.220.128:8123": [
      0.07590532302856445,
      0.07773160934448242
    ]
  },
  "index_sizes": {
    "192.168.1.72:8124": {
      "words": 7212,
      "urls": 35
    },
    "192.168.1.72:8123": {
      "words": 4601,
      "urls": 11
    },
    "192.168.220.128:8123": {
      "words": 7082,
      "urls": 34
    }
  },
  "index_barrels": {
    "192.168.1.72:8124": {
      "failures": 0
    },
    "192.168.220.128:8123": {
      "failures": 0
    }
  },
  "send_statistics": true,
  "web_sever": "192.168.1.72:8888"
}