{
  "search_counter": {
    "sapo": 8
  },
  "response_times": {
    "localhost:8123": [
      0.020482540130615234,
      0.0176239013671875,
      0.020492076873779297,
      0.019664764404296875,
      0.018970966339111328,
      0.019812583923339844,
      0.02012014389038086
    ]
  },
  "index_sizes": {},
  "index_barrels": {
    "localhost:8123": {
      "failures": 0
    }
  }
}