{
  "search_counter": {
    "all": 5,
    "sapo": 9,
    "desporto": 1,
    "atualizadas ao minuto": 3,
    "atualizadas ao": 1,
    "asdf": 1,
    "github": 1,
    "animated": 2,
    "pessoa": 1
  },
  "response_times": {
    "192.168.220.128:8123": [
      0.028755664825439453,
      0.03500938415527344,
      0.04918336868286133,
      0.03233671188354492,
      0.17539262771606445,
      0.04977703094482422,
      0.05945444107055664,
      0.04967689514160156,
      0.05072593688964844,
      0.26868581771850586,
      0.07707357406616211,
      0.0802755355834961,
      0.055315494537353516,
      0.05022764205932617,
      0.04854917526245117,
      0.1536703109741211,
      0.6786036491394043,
      0.059413909912109375,
      0.058746337890625,
      0.052378177642822266,
      0.06572246551513672,
      0.05198240280151367,
      0.05166053771972656,
      0.40986061096191406,
      0.08824825286865234
    ]
  },
  "index_sizes": {
    "192.168.220.128:8123": {
      "words": 13400,
      "urls": 104
    }
  },
  "index_barrels": {
    "192.168.220.128:8123": {
      "failures": 0
    }
  },
  "send_statistics": true,
  "web_sever": "192.168.56.1:8888"
}