{
  "search_counter": {
    "sapo": 3,
    "piratass": 1
  },
  "response_times": {
    "localhost:8123": [
      0.042443275451660156,
      0.018465518951416016,
      0.020165443420410156,
      0.014514923095703125,
      0.021276473999023438,
      0.017118453979492188,
      0.01999378204345703,
      0.016074180603027344,
      0.020852088928222656,
      0.017213821411132812,
      0.018002986907958984,
      0.021212100982666016,
      0.01768350601196289,
      0.01842975616455078,
      0.01562356948852539,
      0.021021366119384766,
      0.019578933715820312
    ]
  },
  "index_sizes": {
    "localhost:8123": {
      "words": 2765,
      "urls": 9
    },
    "localhost:8124": {
      "words": 3325,
      "urls": 11
    }
  },
  "index_barrels": {
    "localhost:8123": {
      "failures": 0
    }
  }
}