{
  "search_counter": {
    "sapo": 12,
    "sofia": 2,
    "ola": 1,
    "pessoa": 1
  },
  "response_times": {
    "localhost:8123": [
      0.019783973693847656,
      0.018155574798583984,
      0.016999244689941406,
      0.053882598876953125,
      0.06012916564941406,
      0.07416963577270508,
      0.11533498764038086,
      0.013544559478759766,
      0.10802507400512695,
      0.10732173919677734,
      0.1041555404663086,
      0.024216175079345703,
      0.10093927383422852,
      0.10094642639160156,
      0.02658367156982422,
      0.4660153388977051,
      0.02092599868774414
    ]
  },
  "index_sizes": {
    "localhost:8123": {
      "words": 17889,
      "urls": 154
    }
  },
  "index_barrels": {
    "localhost:8123": {
      "failures": 0
    }
  }
}