{
  "search_counter": {
    "sapo": 34,
    "piratass": 1,
    "underrated": 15,
    "tech": 1,
    "fast tech": 2,
    "fast tech erro": 1
  },
  "response_times": {
    "localhost:8123": [
      0.042443275451660156,
      0.018465518951416016,
      0.020165443420410156,
      0.014514923095703125,
      0.021276473999023438,
      0.017118453979492188,
      0.01999378204345703,
      0.016074180603027344,
      0.020852088928222656,
      0.017213821411132812,
      0.018002986907958984,
      0.021212100982666016,
      0.01768350601196289,
      0.01842975616455078,
      0.01562356948852539,
      0.021021366119384766,
      0.019578933715820312,
      0.02058267593383789,
      0.019328594207763672,
      0.019109249114990234,
      0.018494129180908203,
      0.02173900604248047,
      0.016908645629882812,
      0.017993450164794922,
      0.021200180053710938,
      0.020067691802978516,
      0.017871856689453125,
      0.020763874053955078,
      0.02130746841430664,
      0.016109943389892578,
      0.042574405670166016,
      0.017800331115722656,
      0.021843910217285156,
      0.01739025115966797,
      0.021522045135498047,
      0.025954246520996094,
      0.022814273834228516,
      0.016901493072509766,
      0.016264915466308594,
      0.01605987548828125,
      0.01756429672241211,
      0.020389556884765625,
      0.020008087158203125,
      0.015478134155273438,
      0.017461776733398438,
      0.01603841781616211,
      0.016956329345703125,
      0.01781463623046875,
      0.01667499542236328,
      0.01560211181640625,
      0.01644611358642578,
      0.020198822021484375,
      0.016946792602539062,
      0.017626285552978516,
      0.02523183822631836,
      0.019392967224121094,
      0.01613140106201172,
      0.01822948455810547,
      0.017402172088623047,
      0.021295547485351562,
      0.018041133880615234,
      0.022556781768798828,
      0.019571781158447266,
      0.018415451049804688,
      0.01955270767211914,
      0.01664876937866211,
      0.01864910125732422,
      0.016841888427734375,
      0.016834735870361328,
      0.017163753509521484,
      0.018157958984375,
      0.01617908477783203,
      0.019583702087402344,
      0.01970052719116211
    ],
    "localhost:8124": [
      0.018105506896972656,
      0.01644134521484375
    ]
  },
  "index_sizes": {
    "localhost:8123": {
      "words": 2765,
      "urls": 9
    },
    "localhost:8124": {
      "words": 3325,
      "urls": 11
    }
  },
  "index_barrels": {
    "localhost:8124": {
      "failures": 0
    }
  }
}