{
  "search_counter": {
    "sapo": 14
  },
  "response_times": {
    "localhost:8123": [
      0.020482540130615234,
      0.0176239013671875,
      0.020492076873779297,
      0.019664764404296875,
      0.018970966339111328,
      0.019812583923339844,
      0.02012014389038086,
      0.020241737365722656,
      0.01909017562866211,
      0.023243427276611328,
      0.021488666534423828,
      0.018112659454345703,
      0.02023458480834961
    ]
  },
  "index_sizes": {},
  "index_barrels": {
    "localhost:8123": {
      "failures": 0
    }
  }
}