{
  "search_counter": {
    "sapo": 41,
    "pessoa": 4
  },
  "response_times": {
    "localhost:8123": [
      0.020482540130615234,
      0.0176239013671875,
      0.020492076873779297,
      0.019664764404296875,
      0.018970966339111328,
      0.019812583923339844,
      0.02012014389038086,
      0.020241737365722656,
      0.01909017562866211,
      0.023243427276611328,
      0.021488666534423828,
      0.018112659454345703,
      0.02023458480834961,
      0.019338130950927734,
      0.020229816436767578,
      0.12053489685058594,
      0.018074512481689453,
      0.020225048065185547,
      0.020122528076171875,
      0.025115013122558594,
      0.022079944610595703,
      0.01851797103881836,
      0.023412704467773438,
      0.022628307342529297,
      0.020122528076171875,
      0.01995563507080078,
      0.024497509002685547,
      0.021259784698486328,
      0.02126932144165039,
      0.03258943557739258,
      0.020270347595214844,
      0.023167133331298828,
      0.02271413803100586,
      0.020105838775634766,
      0.02227783203125,
      0.018825531005859375,
      0.019397735595703125,
      0.018320083618164062,
      0.01850605010986328,
      0.020904541015625,
      0.021932125091552734,
      0.01916646957397461,
      0.023872852325439453,
      0.024175643920898438,
      0.022590160369873047
    ]
  },
  "index_sizes": {},
  "index_barrels": {
    "localhost:8123": {
      "failures": 0
    }
  }
}