{
  "search_counter": {
    "sapo": 15,
    "pessoa": 1,
    "antonio": 1,
    "isabel": 1,
    "piratass": 1
  },
  "response_times": {
    "localhost:8123": [
      0.02191781997680664,
      0.017876625061035156,
      0.018622875213623047,
      0.02101421356201172,
      0.017974376678466797,
      0.017039775848388672,
      0.01760721206665039,
      0.01979351043701172,
      0.01857280731201172,
      0.018253326416015625,
      0.021615028381347656,
      0.017306804656982422,
      0.03068685531616211,
      0.06515026092529297,
      0.019943714141845703,
      0.022001266479492188,
      0.016350746154785156,
      0.018825531005859375,
      0.019326210021972656,
      0.019936561584472656,
      0.01953125
    ],
    "localhost:8124": [
      0.01779794692993164
    ]
  },
  "index_sizes": {
    "localhost:8124": {
      "words": 7873,
      "urls": 27
    },
    "localhost:8123": {
      "words": 6981,
      "urls": 23
    }
  },
  "index_barrels": {
    "localhost:8123": {
      "failures": 0
    }
  }
}