{
  "search_counter": {
    "sapo": 9,
    "tendo": 1,
    "pessoa": 1
  },
  "response_times": {
    "localhost:8123": [
      0.08070707321166992,
      0.0705575942993164,
      0.08179903030395508,
      0.07384300231933594,
      0.0770115852355957,
      0.044269561767578125
    ],
    "localhost:8124": [
      0.06198883056640625,
      0.015687942504882812
    ]
  },
  "index_sizes": {
    "localhost:8124": {
      "words": 13415,
      "urls": 112
    },
    "localhost:8123": {
      "words": 13307,
      "urls": 112
    }
  },
  "index_barrels": {},
  "send_statistics": true,
  "web_sever": ""
}