{
  "search_counter": {
    "sapo": 2
  },
  "response_times": {
    "localhost:8123": [
      0.024709701538085938,
      0.08958578109741211
    ]
  },
  "index_sizes": {
    "localhost:8123": {
      "words": 15033,
      "urls": 146
    }
  },
  "index_barrels": {
    "localhost:8123": {
      "failures": 0
    }
  }
}